opt0,opt1,opt2,opt3,opt4,opt5,opt6,opt7,opt8,opt9
"(50.0, [93.59894377347308, 99.83519499770668, 38.77716198746399, 5.51546146555828, 33.9774053195119])","(50.0, [85.57782139978943, 3.547381905565139, 50.3146763711543, 7.820664693366708, 0.8845087184749301])","(50.0, [74.42448907124216, 34.908567253750924, 53.411405340355714, 47.82845770242614, 30.11151619404282])","(50.0, [65.76731841928152, 12.539326131962936, 21.34218656317589, 88.13105749592792, 95.16249988461551])","(50.0, [49.25905086024234, 67.91895794544997, 42.0213785239549, 16.698573709940735, 63.510859958633404])","(50.0, [33.639801241962594, 92.76278866682324, 4.6987669582532865, 96.12928500596138, 89.09596886156521])","(50.0, [31.491105615859595, 58.5226727601763, 68.47057998311654, 80.41702640250506, 12.323845998226124])","(50.0, [26.680423690954324, 4.555730951979953, 90.64448142899609, 45.55507652373091, 55.54253491493285])","(50.0, [21.23282183039984, 71.20024855673587, 77.85064482964104, 11.80104245985607, 22.178680643143057])","(50.0, [9.961658707760101, 5.985771495811432, 3.296956209302082, 59.19045277980166, 44.23807130645637])"
